Workbook

Sheet About_This_Tracker
A1: PORTFOLIO EXERCISE — METHODOLOGY DEMONSTRATION
A3: This GHG Inventory Tracker was built as a portfolio exercise to demonstrate GHG accounting methodology, Excel skills (XLOOKUP, SUMIFS, conditional formatting, data validation), and audit-log discipline. It does not represent a real, audited company.
A5: What's real and verifiable:
A6: • Emission factors — DEWA Sustainability Report 2025 (0.3833 kg CO2e/kWh, Dubai grid); EWEC Statistical Report 2024 (0.226 kg CO2e/kWh, Abu Dhabi grid, 2026 forecast); UK DEFRA GHG Conversion Factors 2024; IPCC AR5 GWP-100. Each is cited by source and year in the Emission Factors tab and can be checked against the published report.
A7: • Methodology — GHG Protocol Corporate Standard structure (Scope 1/2/3, Operational Control boundary), GHG Protocol Data Quality Hierarchy (Measured / Calculated / Estimated), ISO 14064-1-aligned audit logging.
A9: What's illustrative:
A10: • The 15 sample rows in the Data Entry tab (site names, monthly kWh / litres / km figures) are practice data used to demonstrate the tracker's formulas and structure. They are not meter readings, invoices, or figures from a real company.
A12: Say out loud (if asked in an interview):
A13: Q: Is this real company data?
A14: A: No — this is a portfolio exercise. The activity data is illustrative, built to demonstrate the tracker's methodology and formulas. The emission factors and GHG Protocol structure are real and correctly sourced — I can walk through exactly where each factor comes from.
A16: A note on compatibility:
A17: • The Emission Factors lookup in the Data Entry tab uses XLOOKUP, which opens and calculates correctly in Excel and Excel Online. Older, non-Microsoft spreadsheet software may not evaluate this function.

Sheet Data Entry
A1: Site Name | B1: Month | C1: Year | D1: Emission Source | E1: Scope | F1: Activity Data | G1: Unit | H1: Emission Factor | I1: CO2e (kg) | J1: Data Quality Flag | K1: Notes | L1: Verified (Y/N)
A2: Dubai Office | B2: Jan | C2: 2026 | D2: Natural gas | E2: 1 | F2: 450 | G2: m3 | H2: =XLOOKUP(D2,'Emission Factors'!$A$2:$A$13,'Emission Factors'!$C$2:$C$13,"Not found") -> 2.02 | I2: =IFERROR(F2*H2,"Pending factor") -> 909 | J2: Good | K2: Boiler heating | L2: Y
A3: Dubai Office | B3: Feb | C3: 2026 | D3: Natural gas | E3: 1 | F3: 420 | G3: m3 | H3: =XLOOKUP(D3,'Emission Factors'!$A$2:$A$13,'Emission Factors'!$C$2:$C$13,"Not found") -> 2.02 | I3: =IFERROR(F3*H3,"Pending factor") -> 848.4 | J3: Good | K3: Boiler heating | L3: Y
A4: Dubai Office | B4: Mar | C4: 2026 | D4: Natural gas | E4: 1 | F4: 390 | G4: m3 | H4: =XLOOKUP(D4,'Emission Factors'!$A$2:$A$13,'Emission Factors'!$C$2:$C$13,"Not found") -> 2.02 | I4: =IFERROR(F4*H4,"Pending factor") -> 787.8 | J4: Good | K4: Boiler heating | L4: Y
A5: Abu Dhabi Warehouse | B5: Jan | C5: 2026 | D5: Diesel (generators) | E5: 1 | F5: 850 | G5: litres | H5: =XLOOKUP(D5,'Emission Factors'!$A$2:$A$13,'Emission Factors'!$C$2:$C$13,"Not found") -> 2.68 | I5: =IFERROR(F5*H5,"Pending factor") -> 2278 | J5: Good | K5: Backup generator - monthly test + outage | L5: Y
A6: Abu Dhabi Warehouse | B6: Feb | C6: 2026 | D6: Diesel (generators) | E6: 1 | F6: 200 | G6: litres | H6: =XLOOKUP(D6,'Emission Factors'!$A$2:$A$13,'Emission Factors'!$C$2:$C$13,"Not found") -> 2.68 | I6: =IFERROR(F6*H6,"Pending factor") -> 536 | J6: Estimated | K6: Backup generator - monthly test only | L6: N
A7: Abu Dhabi Warehouse | B7: Mar | C7: 2026 | D7: Diesel (generators) | E7: 1 | F7: 300 | G7: litres | H7: =XLOOKUP(D7,'Emission Factors'!$A$2:$A$13,'Emission Factors'!$C$2:$C$13,"Not found") -> 2.68 | I7: =IFERROR(F7*H7,"Pending factor") -> 804 | J7: Good | K7: Backup generator - monthly test only | L7: Y
A8: Dubai Office | B8: Jan | C8: 2026 | D8: Purchased electricity - Dubai | E8: 2 | F8: 65485 | G8: kWh | H8: =XLOOKUP(D8,'Emission Factors'!$A$2:$A$13,'Emission Factors'!$C$2:$C$13,"Not found") -> 0.3833 | I8: =IFERROR(F8*H8,"Pending factor") -> 25100.4 | J8: Good | K8: From energy_data.csv - meter data | L8: Y
A9: Dubai Office | B9: Feb | C9: 2026 | D9: Purchased electricity - Dubai | E9: 2 | F9: 63123 | G9: kWh | H9: =XLOOKUP(D9,'Emission Factors'!$A$2:$A$13,'Emission Factors'!$C$2:$C$13,"Not found") -> 0.3833 | I9: =IFERROR(F9*H9,"Pending factor") -> 24195.046 | J9: Good | K9: From energy_data.csv - meter data | L9: Y
A10: Dubai Office | B10: Mar | C10: 2026 | D10: Purchased electricity - Dubai | E10: 2 | F10: 58396 | G10: kWh | H10: =XLOOKUP(D10,'Emission Factors'!$A$2:$A$13,'Emission Factors'!$C$2:$C$13,"Not found") -> 0.3833 | I10: =IFERROR(F10*H10,"Pending factor") -> 22383.187 | J10: Good | K10: From energy_data.csv - meter data | L10: Y
A11: Abu Dhabi Warehouse | B11: Jan | C11: 2026 | D11: Purchased electricity - Abu Dhabi | E11: 2 | F11: 28500 | G11: kWh | H11: =XLOOKUP(D11,'Emission Factors'!$A$2:$A$13,'Emission Factors'!$C$2:$C$13,"Not found") -> 0.226 | I11: =IFERROR(F11*H11,"Pending factor") -> 6441 | J11: Good | K11: Site-level reading for Abu Dhabi Warehouse, Jan 2026. Emission factor verified (EWEC Statistical Report 2024). | L11: Y
A12: Dubai Office | B12: Jan | C12: 2026 | D12: Aviation - short haul | E12: 3 | F12: 3200 | G12: passenger-km | H12: =XLOOKUP(D12,'Emission Factors'!$A$2:$A$13,'Emission Factors'!$C$2:$C$13,"Not found") -> 0.151 | I12: =IFERROR(F12*H12,"Pending factor") -> 483.2 | J12: Good | K12: Cat 6 - Abu Dhabi site visit flights | L12: Y
A13: Dubai Office | B13: Feb | C13: 2026 | D13: Aviation - long haul | E13: 3 | F13: 8500 | G13: passenger-km | H13: =XLOOKUP(D13,'Emission Factors'!$A$2:$A$13,'Emission Factors'!$C$2:$C$13,"Not found") -> 0.148 | I13: =IFERROR(F13*H13,"Pending factor") -> 1258 | J13: Estimated | K13: Cat 6 - conference travel, distance estimated | L13: N
... A16: Abu Dhabi Warehouse | B16: Jan | C16: 2026 | D16: Employee commuting (average car) | E16: 3 | F16: 4200 | G16: passenger-km | H16: =XLOOKUP(D16,'Emission Factors'!$A$2:$A$13,'Emission Factors'!$C$2:$C$13,"Not found") -> 0.171 | I16: =IFERROR(F16*H16,"Pending factor") -> 718.2 | J16: Missing | K16: Cat 7 - commuter survey not yet conducted | L16: N

Sheet Emission Factors
A1: Source | B1: Unit | C1: Emission Factor | D1: CO2e Unit | E1: Standard / Source | F1: Year | G1: Notes
A2: Natural gas | B2: m3 | C2: 2.02 | D2: kg CO2e/m3 | E2: UK DEFRA GHG Conversion Factors 2024 | F2: 2024 | G2: Used as default; no UAE-specific factor published for natural gas combustion
A3: Diesel (generators) | B3: litres | C3: 2.68 | D3: kg CO2e/litre | E3: UK DEFRA GHG Conversion Factors 2024 | F3: 2024 | G3: Standard diesel combustion factor
A4: Purchased electricity - Dubai | B4: kWh | C4: 0.3833 | D4: kg CO2e/kWh | E4: DEWA Sustainability Report 2025 | F4: 2025 | G4: Official current DEWA grid emission factor
A5: Purchased electricity - Abu Dhabi | B5: kWh | C5: 0.226 | D5: kg CO2e/kWh | E5: EWEC Statistical Report 2024 | F5: 2024 | G5: 2026 forecast value - CO2 intensity of power = 226 g/kWh, from EWEC's 'CO2 Intensities (Power and Water) and Total Emissions' table (Forecast column, distinct from confirmed Actuals through 2024). EWEC/ADDC serves Abu Dhabi - a separate utility from DEWA, which serves Dubai. Replaces prior placeholder; verified directly against the published report.
A6: Purchased electricity - India | B6: kWh | C6: -- (populate from official source) | D6: kg CO2e/kWh | E6: Pending verification | F6: -- | G6: Source not yet confirmed - populate from CEA (Central Electricity Authority) official grid factor when available
A7: LPG | B7: litres | C7: 1.52 | D7: kg CO2e/litre | E7: UK DEFRA GHG Conversion Factors 2024 | F7: 2024
A8: Petrol | B8: litres | C8: 2.31 | D8: kg CO2e/litre | E8: UK DEFRA GHG Conversion Factors 2024 | F8: 2024
A9: Aviation - short haul | B9: passenger-km | C9: 0.151 | D9: kg CO2e/passenger-km | E9: UK DEFRA GHG Conversion Factors 2024 | F9: 2024 | G9: Economy class, includes radiative forcing
A10: Aviation - long haul | B10: passenger-km | C10: 0.148 | D10: kg CO2e/passenger-km | E10: UK DEFRA GHG Conversion Factors 2024 | F10: 2024 | G10: Economy class, includes radiative forcing
A11: Employee commuting (average car) | B11: passenger-km | C11: 0.171 | D11: kg CO2e/passenger-km | E11: UK DEFRA GHG Conversion Factors 2024 | F11: 2024 | G11: Average petrol/diesel car - default; refine with local UAE vehicle mix if available
A12: Refrigerant R410A | B12: kg | C12: 2088 | D12: kg CO2e/kg | E12: IPCC AR5, GWP-100 | F12: 2014 | G12: GWP value = kg CO2e per kg of refrigerant leaked
A13: Refrigerant R32 | B13: kg | C13: 675 | D13: kg CO2e/kg | E13: IPCC AR5, GWP-100 | F13: 2014 | G13: GWP value = kg CO2e per kg of refrigerant leaked

Sheet Summary Dashboard
A1: GHG Inventory Summary Dashboard
A3: Total Scope 1 (t CO2e) | B3: =SUMIFS('Data Entry'!$I$2:$I$16,'Data Entry'!$E$2:$E$16,1)/1000 -> 6.1632 | D3: Total by Site (t CO2e)
A4: Total Scope 2 (t CO2e) | B4: =SUMIFS('Data Entry'!$I$2:$I$16,'Data Entry'!$E$2:$E$16,2)/1000 -> 78.119633 | D4: Dubai Office | E4: =SUMIFS('Data Entry'!$I$2:$I$16,'Data Entry'!$A$2:$A$16,"Dubai Office")/1000 -> 79.983533
A5: Total Scope 3 (t CO2e) | B5: =SUMIFS('Data Entry'!$I$2:$I$16,'Data Entry'!$E$2:$E$16,3)/1000 -> 6.4779 | D5: Abu Dhabi Warehouse | E5: =SUMIFS('Data Entry'!$I$2:$I$16,'Data Entry'!$A$2:$A$16,"Abu Dhabi Warehouse")/1000 -> 10.7772
A6: Grand Total (t CO2e) | B6: =SUM(B3:B5) -> 90.760733
A7: % Scope 1 | B7: =IFERROR(B3/B6,0) -> 0.067906018
A8: % Scope 2 | B8: =IFERROR(B4/B6,0) -> 0.86072061
A9: % Scope 3 | B9: =IFERROR(B5/B6,0) -> 0.071373377
A12: Total by Month (t CO2e) | D12: Total by Quarter (t CO2e)
A13: Month | B13: CO2e (t) | D13: Q1 2026 | E13: =SUM(B14:B16) -> 90.760733
A14: Jan | B14: =SUMIFS('Data Entry'!$I$2:$I$16,'Data Entry'!$B$2:$B$16,"Jan")/1000 -> 37.9818
A15: Feb | B15: =SUMIFS('Data Entry'!$I$2:$I$16,'Data Entry'!$B$2:$B$16,"Feb")/1000 -> 28.803946
A16: Mar | B16: =SUMIFS('Data Entry'!$I$2:$I$16,'Data Entry'!$B$2:$B$16,"Mar")/1000 -> 23.974987

Sheet Audit Log
A1: All changes to emission data must be logged here to maintain audit-ready records consistent with ISO 14064-1 requirements.
A2: Date | B2: Changed By | C2: What Changed | D2: Old Value | E2: New Value | F2: Reason
A3: 2026-02-01 | B3: A. Antony | C3: Emission factor updated | D3: 0.40 kg CO2e/kWh | E3: 0.3833 kg CO2e/kWh | F3: DEWA Sustainability Report 2025 published - updated to current official factor
A4: 2026-02-10 | B4: A. Antony | C4: Data correction | D4: Diesel Feb: 450 litres | E4: Diesel Feb: 200 litres | F4: Original entry double-counted a generator test logged separately
A5: 2026-02-15 | B5: A. Antony | C5: New site added | D5: N/A | E5: Abu Dhabi Warehouse | F5: Added second operational site to inventory scope
A6: 2026-08-16 | B6: A. Antony | C6: Emission factor updated | D6: Pending verification (no factor set) | E6: 0.226 kg CO2e/kWh | F6: EWEC Statistical Report 2024 confirmed - 2026 forecast CO2 intensity of power = 226 g/kWh, table 'CO2 Intensities (Power and Water) and Total Emissions'. Replaces placeholder pending verification.

Sheet BRSR_Alignment
A1: This tab is provided as a reference to illustrate how the tracker can be adapted for different reporting frameworks - not to imply full BRSR compliance.
A2: GHG Inventory Tracker Field | B2: BRSR Principle 3 Disclosure | C2: Applicable Tab | D2: Notes
A3: Scope 1 emissions (Data Entry, Scope=1, summed) | B3: Total Scope 1 GHG emissions | C3: Data Entry / Summary Dashboard | D3: Maps directly to BRSR Principle 3, Essential Indicator on GHG emissions
A4: Scope 2 emissions (Data Entry, Scope=2, summed) | B4: Total Scope 2 GHG emissions | C4: Data Entry / Summary Dashboard | D4: Maps directly to BRSR Principle 3, Essential Indicator on GHG emissions
A5: Activity Data + Unit columns | B5: Energy consumption disclosure | C5: Data Entry | D5: Supports BRSR energy consumption reporting by source
A6: Data Quality Flag + Verified columns | B6: Supporting documentation / assurance | C6: Data Entry | D6: Demonstrates data quality and verification status expected for BRSR assurance
A7: Audit Log tab | B7: Basis of calculation / methodology disclosure | C7: Audit Log | D7: Supports the disclosure of methodology changes required for consistent year-on-year reporting
